wage,educ,exper,female,black,married,union,south,fulltime,metro
2.03,13,2,1,0,0,0,1,0,0
2.0699999,12,7,0,0,0,0,0,0,1
2.1199999,12,35,0,0,0,0,1,1,1
2.54,16,20,1,0,0,0,1,1,1
2.6800001,12,24,1,0,1,0,1,0,1
3.0899999,13,4,0,0,0,0,1,0,1
3.1600001,13,1,0,0,0,0,0,0,0
3.1700001,12,22,1,0,1,0,1,0,1
3.2,12,23,0,0,1,0,1,1,1
3.27,12,4,1,0,0,0,0,1,1
3.3199999,12,11,1,0,1,0,0,1,1
3.3199999,13,3,1,0,0,0,0,1,1
3.3399999,18,15,0,0,0,0,0,0,1
3.3900001,13,7,1,0,0,0,0,0,1
3.3900001,12,15,1,0,1,0,0,0,0
3.3900001,12,32,1,0,1,0,1,1,0
3.4200001,12,31,0,0,1,0,1,1,1
3.47,13,28,1,0,1,0,0,0,1
3.49,11,5,1,0,0,0,1,1,1
3.5,12,38,1,1,0,0,0,0,1
3.5,9,3,0,0,0,0,1,1,1
3.5,11,7,0,0,0,0,0,1,1
3.5,12,5,1,0,0,0,0,0,1
3.5,12,2,1,0,0,0,0,1,1
3.5,12,18,1,0,1,0,0,0,1
3.53,11,42,1,0,1,0,0,0,1
3.54,13,4,1,0,0,0,0,0,1
3.5699999,12,0,1,0,0,0,0,1,1
3.5899999,9,29,0,0,0,0,1,1,1
3.6800001,6,19,0,0,0,0,0,1,1
3.6800001,9,39,1,0,1,1,0,1,1
3.6800001,13,0,1,0,0,0,0,0,1
3.6800001,11,2,1,0,0,0,1,1,1
3.6800001,12,5,0,1,0,0,1,1,0
3.6800001,6,7,0,0,0,0,0,1,1
3.6800001,9,23,1,0,1,0,0,1,1
3.6800001,9,28,0,0,1,0,1,1,0
3.6800001,11,9,1,0,0,0,0,1,0
3.6800001,12,5,0,0,0,0,0,0,1
3.6800001,10,2,1,0,0,0,0,0,1
3.6800001,12,5,0,0,0,0,0,1,1
3.6800001,12,7,0,0,0,0,1,1,0
3.6800001,13,6,0,1,0,0,1,1,1
3.6800001,12,1,1,1,0,0,0,1,1
3.6800001,4,50,0,0,1,1,0,1,1
3.6800001,9,35,1,0,0,0,0,1,1
3.6800001,12,19,1,0,1,0,1,0,1
3.6800001,12,40,1,0,0,0,0,0,1
3.6800001,12,25,0,1,0,0,0,1,1
3.6800001,13,4,1,0,0,0,0,1,1
3.71,12,15,1,1,1,0,1,1,0
3.76,13,18,1,0,1,1,0,0,0
3.79,6,37,1,0,1,1,0,1,1
3.79,12,0,1,0,1,1,0,1,1
3.79,16,2,1,0,0,0,1,1,1
3.8099999,13,11,1,0,1,0,0,1,1
3.8099999,12,23,0,1,0,0,1,1,1
3.8199999,12,33,1,0,1,0,1,0,1
3.8599999,13,3,0,0,0,0,0,0,0
3.8699999,13,41,0,0,1,0,0,1,1
3.8699999,12,7,1,0,0,0,0,1,1
3.8699999,12,35,1,0,1,0,1,1,0
3.8699999,16,35,1,0,0,0,0,1,1
3.8900001,10,34,1,0,0,0,0,1,1
3.9300001,12,2,0,0,0,0,1,0,0
3.98,12,22,1,0,1,0,0,1,0
3.99,18,17,0,0,0,0,0,1,1
4.0300002,10,45,1,1,0,0,1,1,1
4.0300002,13,24,1,1,0,0,1,1,0
4.04,13,7,1,0,0,0,0,1,0
4.04,12,3,1,0,0,0,0,1,1
4.04,11,1,1,1,0,0,0,1,1
4.0500002,16,12,1,0,1,0,1,0,1
4.0500002,8,8,0,0,0,1,0,1,1
4.0500002,12,11,1,0,1,0,0,1,1
4.0500002,12,13,1,0,1,0,0,0,1
4.0500002,12,5,0,0,0,0,0,1,1
4.0500002,12,12,1,0,1,0,0,0,0
4.1399999,12,0,0,0,0,0,0,1,1
4.1399999,13,2,0,0,0,0,0,1,1
4.1999998,13,30,1,0,0,0,0,0,1
4.21,8,20,1,0,0,0,1,1,1
4.2399998,12,7,1,0,1,0,1,1,0
4.2399998,13,35,1,0,1,0,1,1,1
4.29,13,1,1,0,0,0,1,0,0
4.3400002,12,11,0,1,0,0,0,1,1
4.3499999,11,32,0,0,0,1,0,0,1
4.3499999,12,17,1,1,0,0,1,0,1
4.3699999,8,13,0,0,0,0,0,1,0
4.3800001,12,31,0,0,0,1,0,1,1
4.3800001,9,18,1,0,0,0,1,1,1
4.4200001,4,18,0,1,1,0,1,1,1
4.4200001,12,16,1,0,1,0,0,0,1
4.4200001,1,27,1,0,1,0,0,1,1
4.4200001,13,1,1,0,0,0,0,0,0
4.4200001,12,1,0,1,0,0,1,1,1
4.4200001,13,11,1,0,1,0,1,1,1
4.4200001,13,0,1,0,0,0,0,0,1
4.4200001,13,1,0,0,0,0,0,0,1
4.4200001,12,0,0,1,0,0,0,1,1
4.4200001,12,13,1,0,1,0,0,1,0
4.4200001,9,17,1,0,0,0,0,1,1
4.4200001,12,8,1,0,0,0,1,0,0
4.4200001,13,2,0,0,0,0,0,0,1
4.4200001,12,6,1,0,0,0,0,0,0
4.4200001,13,16,1,0,0,0,1,1,1
4.4200001,12,41,1,0,1,0,0,1,0
4.4200001,12,19,1,1,0,0,1,1,1
4.4200001,13,22,0,0,0,0,0,1,1
4.4200001,13,2,1,1,0,0,1,1,1
4.4200001,13,5,0,0,0,0,1,1,1
4.4200001,12,14,1,1,0,0,1,1,0
4.4200001,13,13,1,1,0,0,0,1,1
4.4200001,12,34,1,0,1,0,0,1,1
4.4200001,13,1,0,0,0,0,0,0,1
4.4200001,12,23,0,0,0,0,0,1,1
4.4200001,10,38,1,0,0,0,0,0,1
4.4200001,9,13,1,0,0,0,1,0,1
4.4200001,8,9,1,0,0,0,1,1,1
4.4200001,12,1,1,0,0,0,0,0,0
4.4200001,9,28,1,0,1,0,1,1,0
4.4200001,12,18,1,0,1,0,0,1,1
4.4499998,13,2,1,0,1,0,0,0,1
4.4499998,10,7,1,0,1,0,1,1,1
4.4699998,12,16,1,1,0,0,1,1,0
4.5100002,14,15,1,1,0,0,1,1,1
4.52,12,3,1,0,0,0,1,1,0
4.5300002,12,41,1,0,1,0,0,0,1
4.5799999,12,0,1,0,0,0,0,1,0
4.5900002,12,25,1,1,0,0,1,1,0
4.5900002,12,22,1,0,1,0,0,1,0
4.5999999,16,14,1,0,1,1,0,1,1
4.5999999,12,5,1,0,0,0,0,1,1
4.5999999,16,10,1,0,0,0,1,1,0
4.5999999,12,9,0,1,0,0,1,1,1
4.5999999,12,14,1,1,0,0,1,1,0
4.5999999,13,6,0,0,0,0,0,0,1
4.5999999,12,12,1,0,1,0,0,1,1
4.5999999,16,26,1,0,1,0,0,1,1
4.5999999,12,17,1,0,1,0,1,1,1
4.5999999,14,22,1,0,0,1,0,1,1
4.5999999,16,7,0,0,1,0,0,1,1
4.5999999,12,16,1,0,0,0,1,1,0
4.5999999,12,35,1,0,1,0,0,1,1
4.6300001,12,18,1,0,1,0,0,0,1
4.6599998,12,28,1,1,1,0,1,1,0
4.6599998,13,19,1,0,1,0,0,1,0
4.7199998,12,21,0,0,1,0,1,1,0
4.7199998,12,17,1,0,1,0,0,0,1
4.7199998,12,33,1,0,1,0,0,1,0
4.7199998,14,15,1,0,0,0,0,0,1
4.7199998,12,1,1,0,0,0,0,0,1
4.7199998,12,7,1,1,0,0,1,1,1
4.7199998,11,46,1,0,0,0,1,1,0
4.77,16,20,1,0,1,0,1,1,1
4.7800002,12,11,0,0,1,0,1,1,1
4.79,12,39,1,0,1,0,0,1,0
4.79,12,15,1,0,1,0,0,1,1
4.79,12,30,1,0,1,0,0,0,1
4.79,12,17,1,1,0,0,1,1,1
4.79,12,5,1,0,0,0,0,0,0
4.79,16,2,0,0,0,0,1,1,0
4.79,16,1,1,0,1,0,0,0,0
4.79,12,2,1,0,0,0,1,1,1
4.79,11,21,1,0,0,0,0,1,1
4.79,12,12,1,0,1,0,0,1,1
4.79,4,20,0,0,0,0,0,1,1
4.79,13,37,1,0,1,0,0,1,1
4.79,12,22,1,0,0,0,0,1,1
4.79,14,23,0,0,1,0,1,1,1
4.79,14,23,1,0,1,0,0,0,1
4.79,13,25,1,0,1,0,1,1,1
4.79,16,13,0,0,0,0,0,1,1
4.79,13,9,1,0,1,0,1,0,1
4.79,12,21,1,0,1,0,0,1,1
4.79,12,0,0,0,0,0,1,1,0
4.79,12,2,0,0,0,0,0,1,1
4.79,13,2,0,0,0,0,0,0,1
4.79,10,35,0,0,1,0,0,1,1
4.79,8,40,0,0,1,0,0,0,0
4.79,14,7,1,0,0,0,0,1,1
4.8099999,13,5,1,0,1,0,1,1,1
4.8299999,12,24,1,0,0,0,0,1,0
4.8299999,16,28,0,0,0,0,0,1,1
4.8400002,13,8,0,0,1,0,1,1,1
4.8400002,12,15,0,0,1,1,0,1,1
4.8400002,11,19,1,0,1,0,1,1,1
4.8600001,12,0,0,0,0,0,0,1,1
4.8600001,12,3,0,0,0,0,0,1,1
4.8899999,12,9,0,0,1,0,0,1,1
4.8899999,9,35,1,0,1,0,1,0,1
4.9099998,12,20,1,0,1,0,1,0,1
4.9099998,13,22,1,0,0,1,0,1,1
4.9099998,12,23,0,0,1,0,0,1,1
4.9099998,6,27,0,0,1,0,0,1,1
4.9299998,12,26,1,0,0,0,0,1,1
4.9299998,12,44,1,0,1,0,0,0,1
4.9499998,16,22,1,0,1,0,1,1,1
4.9499998,13,35,1,0,0,0,0,1,0
4.9499998,12,43,0,0,1,0,0,1,1
4.96,6,35,0,0,1,0,0,1,1
4.9699998,12,1,0,0,0,0,0,1,1
4.9699998,12,41,0,0,1,0,0,1,1
5.0700002,12,9,0,0,0,1,0,0,1
5.0799999,16,14,1,0,1,0,0,0,1
5.0799999,14,22,1,0,1,0,0,1,0
5.1599998,12,24,1,0,1,0,1,1,0
5.1599998,12,11,0,0,1,0,0,1,1
5.1599998,11,8,0,0,0,0,1,1,1
5.1599998,11,42,1,0,1,0,1,1,1
5.1599998,12,35,1,0,1,0,1,0,1
5.1599998,10,13,1,0,1,0,1,1,1
5.1599998,6,25,0,0,0,0,0,1,1
5.1599998,12,11,0,1,0,0,1,1,1
5.1599998,4,29,1,0,0,0,0,1,1
5.1599998,13,4,0,0,0,0,0,1,1
5.1599998,12,18,1,1,0,0,1,0,1
5.1599998,6,32,1,0,1,0,0,1,0
5.1599998,13,0,1,0,0,0,0,0,1
5.1599998,16,4,1,0,1,0,0,0,1
5.1599998,8,16,1,0,1,0,1,1,1
5.1599998,12,0,0,0,0,0,0,1,0
5.1599998,12,22,1,1,0,0,1,0,1
5.1599998,13,16,1,0,1,0,1,1,0
5.1599998,12,5,0,0,0,0,0,1,1
5.1599998,11,1,0,0,0,0,1,1,1
5.1599998,16,0,1,0,0,0,0,1,1
5.1599998,13,1,1,0,0,0,0,1,1
5.1599998,12,5,0,0,1,0,0,1,1
5.25,12,17,1,0,0,0,0,1,1
5.25,12,16,1,0,0,0,0,1,1
5.3000002,9,43,1,0,0,1,0,1,1
5.3000002,12,38,1,1,0,0,0,1,1
5.3000002,12,2,0,0,0,0,0,1,0
5.3200002,12,19,0,0,0,0,0,1,1
5.3400002,12,5,0,0,0,0,0,1,0
5.3400002,12,24,1,0,1,0,0,0,0
5.3499999,16,10,1,0,1,0,0,1,1
5.3600001,13,25,1,0,1,0,1,1,1
5.3800001,12,20,0,0,1,1,0,1,1
5.4899998,16,32,1,0,1,0,0,1,1
5.4899998,12,12,1,0,0,0,1,1,0
5.5300002,12,3,1,0,1,0,1,1,1
5.5300002,12,9,1,0,1,0,0,1,1
5.5300002,13,27,1,0,1,0,1,1,1
5.5300002,13,21,1,0,0,0,0,1,0
5.5300002,12,37,1,0,0,0,0,0,1
5.5300002,12,6,1,0,1,0,1,1,0
5.5300002,12,8,1,0,0,0,0,1,1
5.5300002,12,18,0,1,0,0,0,1,1
5.5300002,12,21,0,0,1,0,1,1,0
5.5300002,12,10,1,0,0,0,1,1,1
5.5300002,12,13,1,0,1,0,1,0,1
5.5300002,12,0,0,0,0,0,1,0,1
5.5300002,13,36,0,0,0,1,0,1,1
5.5300002,12,13,1,0,1,0,0,0,1
5.5300002,13,9,0,0,1,0,0,1,0
5.5300002,13,16,1,0,1,0,0,1,1
5.5300002,10,7,0,0,0,0,1,1,1
5.5300002,12,38,1,0,1,0,0,0,0
5.5300002,12,19,1,0,1,0,0,1,1
5.54,12,19,1,0,0,1,0,1,0
5.6300001,13,13,1,0,0,0,0,1,0
5.6399999,12,5,1,0,0,0,0,1,1
5.6500001,12,45,1,0,1,0,0,0,1
5.6500001,11,20,1,0,0,1,0,1,1
5.6599998,13,37,1,0,1,0,0,1,1
5.6700001,16,30,0,0,1,0,0,1,1
5.6700001,13,8,0,0,1,0,1,1,1
5.71,11,8,1,0,1,0,1,1,1
5.73,18,17,0,0,1,0,1,1,1
5.73,12,15,1,0,0,0,0,1,0
5.7399998,13,1,1,0,0,0,1,1,1
5.75,12,18,1,0,1,0,1,1,1
5.7800002,12,21,0,0,1,0,0,1,0
5.8099999,16,19,1,0,1,0,0,1,0
5.8299999,12,7,0,0,1,0,0,1,1
5.8699999,13,24,0,0,0,0,0,1,1
5.8899999,13,11,0,0,0,0,1,1,1
5.8899999,16,2,0,0,0,0,1,1,1
5.8899999,12,32,0,1,0,1,0,1,1
5.8899999,13,4,0,0,1,0,0,1,1
5.8899999,16,21,1,0,1,0,0,0,1
5.8899999,14,3,1,1,0,0,1,1,1
5.8899999,12,32,1,0,1,0,0,1,1
5.8899999,12,21,0,0,0,0,1,1,1
5.8899999,12,20,0,1,1,1,0,1,1
5.8899999,12,16,0,0,0,0,0,1,1
5.8899999,13,11,1,0,1,0,1,1,0
5.8899999,10,16,1,0,0,0,1,1,0
5.8899999,12,18,1,0,0,0,0,1,1
5.8899999,12,7,0,1,0,0,0,1,1
5.8899999,14,16,0,0,0,0,1,1,0
5.8899999,12,13,1,0,0,0,0,1,1
5.8899999,13,3,0,0,0,0,0,1,1
5.8899999,16,3,0,0,0,0,0,1,1
5.9299998,12,12,1,0,0,0,0,1,0
5.9299998,12,21,0,0,0,0,1,1,0
5.9499998,16,4,1,1,0,1,1,1,1
5.9499998,13,23,1,0,1,0,1,1,1
5.9899998,10,34,1,0,1,0,1,1,0
5.9899998,11,31,0,1,1,1,0,1,1
6,12,17,1,0,0,0,1,1,1
6,4,24,1,0,1,0,0,1,1
6.02,16,2,1,0,0,0,0,1,1
6.0700002,13,9,0,0,1,0,1,1,1
6.1100001,12,11,1,0,0,0,1,1,1
6.1100001,12,24,1,0,0,0,1,0,1
6.1399999,10,19,1,0,0,0,1,1,1
6.1399999,12,8,1,1,0,0,0,0,1
6.1700001,13,2,1,0,1,0,0,1,1
6.1700001,12,9,1,0,1,0,0,1,1
6.1900001,12,39,1,0,0,0,0,1,1
6.1900001,14,5,0,0,0,0,1,1,1
6.2199998,13,18,1,0,1,1,0,0,1
6.23,16,3,1,0,0,0,0,1,1
6.2600002,14,13,0,1,1,0,1,1,1
6.2600002,12,6,1,0,0,0,0,1,1
6.2600002,12,2,0,0,1,0,1,1,1
6.2600002,9,11,1,0,0,0,0,1,0
6.2600002,13,6,1,0,0,0,0,1,1
6.2600002,16,36,0,1,1,0,1,1,1
6.3000002,13,5,0,0,0,0,0,0,1
6.3200002,12,20,0,0,1,1,0,1,1
6.3699999,12,25,1,0,0,0,0,1,0
6.3699999,12,32,0,1,1,1,1,1,1
6.4200001,14,6,1,0,1,0,0,1,1
6.4299998,13,26,1,0,0,1,0,1,1
6.4499998,12,10,1,0,1,0,1,1,0
6.4499998,16,7,1,0,1,0,0,1,1
6.4499998,9,15,0,0,0,0,1,1,1
6.4499998,12,4,0,0,0,0,0,1,0
6.48,12,1,0,0,0,0,0,1,1
6.54,13,8,0,0,1,0,0,1,1
6.6300001,16,31,0,0,1,0,0,1,1
6.6300001,13,6,0,1,0,0,1,1,1
6.6300001,12,27,0,0,1,0,1,1,1
6.6300001,12,18,0,1,0,1,1,1,1
6.6300001,8,30,0,0,0,0,1,1,0
6.6300001,12,22,0,0,0,0,0,1,1
6.6300001,12,34,1,0,1,0,1,1,1
6.6300001,14,21,1,0,1,0,0,1,1
6.6300001,13,8,0,0,0,0,0,1,0
6.6700001,12,46,0,0,1,0,0,1,0
6.6799998,13,15,1,0,0,0,0,0,1
6.6999998,12,4,0,0,0,0,1,1,1
6.6999998,14,8,1,0,1,0,1,1,1
6.6999998,13,1,0,0,0,0,0,1,1
6.71,12,31,0,0,1,0,1,1,1
6.7199998,11,34,0,1,1,0,1,1,1
6.7199998,12,15,0,0,1,0,0,1,1
6.7199998,11,12,0,0,1,0,1,1,0
6.73,12,46,0,0,1,0,0,0,1
6.79,13,36,0,0,1,0,0,1,1
6.8000002,12,21,1,0,1,0,1,1,1
6.8099999,12,20,0,0,1,0,1,1,1
6.8299999,12,7,1,0,0,0,1,1,1
6.8699999,13,36,1,0,1,0,1,1,0
6.8800001,12,7,0,0,1,0,0,1,0
6.8899999,12,19,0,1,0,0,1,1,1
6.8899999,12,4,0,0,0,1,0,1,1
6.9099998,12,25,1,0,0,0,0,1,1
6.9099998,13,13,1,1,0,1,0,1,1
6.9899998,12,14,0,0,1,0,1,1,0
7,12,42,0,0,1,0,1,1,1
7,12,4,1,0,0,0,0,1,1
7.02,14,21,1,0,1,0,0,1,0
7.0599999,14,15,1,0,1,0,1,0,1
7.0700002,16,31,1,0,1,0,1,1,0
7.0700002,16,1,0,0,0,0,0,1,1
7.0700002,13,2,1,0,0,0,1,0,1
7.0700002,12,40,1,0,0,0,0,1,1
7.0700002,13,20,0,0,1,0,0,1,1
7.0700002,13,29,1,1,1,0,1,1,1
7.0700002,18,20,1,0,1,1,0,1,1
7.0700002,13,25,0,0,1,0,0,1,1
7.0700002,13,40,0,0,1,0,0,1,1
7.1100001,8,36,0,0,1,0,1,1,0
7.1100001,16,23,0,0,1,1,1,1,1
7.1500001,13,10,1,0,1,0,0,1,1
7.1500001,12,29,1,1,0,0,0,1,1
7.1599998,13,23,1,0,0,0,0,1,1
7.1700001,12,35,1,0,1,0,0,1,1
7.1799998,12,21,1,0,1,0,0,1,1
7.21,12,14,0,0,1,0,1,1,1
7.2399998,12,12,0,0,1,0,0,1,0
7.2600002,12,28,1,0,0,1,0,1,1
7.2600002,12,3,0,0,0,0,0,1,1
7.27,16,3,1,0,0,1,0,1,1
7.2800002,10,23,1,0,1,1,0,1,0
7.29,12,3,0,0,0,0,0,0,1
7.3200002,12,11,1,0,1,0,1,0,1
7.3299999,13,6,0,0,1,0,1,1,1
7.3699999,12,26,1,0,1,0,0,1,1
7.3699999,12,19,1,0,0,0,0,1,1
7.3699999,12,36,0,0,1,0,0,1,0
7.3699999,16,18,1,0,0,0,0,1,1
7.3699999,14,11,0,0,1,0,0,1,1
7.3699999,12,24,1,0,1,0,0,1,1
7.3699999,12,24,1,0,0,0,1,1,1
7.3699999,12,32,0,0,1,1,0,1,1
7.3699999,9,13,0,0,1,0,1,1,1
7.3699999,12,45,0,0,1,0,0,1,1
7.3699999,12,4,1,0,0,0,0,1,1
7.3699999,16,5,1,1,1,0,0,1,1
7.3699999,12,3,0,0,0,0,0,1,1
7.3699999,12,39,1,0,1,0,0,0,1
7.3699999,16,11,1,1,1,0,1,1,0
7.3699999,12,25,1,0,0,0,0,1,1
7.3699999,16,1,1,0,0,0,1,1,1
7.3699999,12,12,0,0,0,0,0,1,1
7.3699999,12,15,1,0,1,0,1,1,1
7.3699999,12,14,1,0,1,0,0,1,0
7.3699999,12,11,0,0,1,0,0,1,1
7.3699999,12,4,1,0,1,0,0,1,1
7.3699999,12,10,0,0,1,0,0,1,1
7.4200001,16,8,1,1,1,0,1,1,1
7.5100002,16,24,1,0,1,1,0,1,1
7.5100002,13,8,0,1,0,1,0,1,1
7.5100002,12,45,1,0,1,0,0,0,1
7.54,13,22,1,0,1,0,0,0,1
7.54,12,20,1,1,0,0,1,1,1
7.5500002,16,7,1,0,0,0,0,1,1
7.5500002,12,27,1,0,0,0,0,1,1
7.5500002,16,12,1,0,1,0,0,0,1
7.5500002,12,35,1,0,1,0,0,1,1
7.5900002,12,41,1,0,0,0,1,1,1
7.6399999,16,8,1,0,1,0,1,1,0
7.6500001,12,20,0,0,0,0,0,1,1
7.6500001,12,13,1,0,0,0,0,1,1
7.6599998,12,14,0,0,1,1,0,1,1
7.6599998,13,41,1,0,0,0,1,1,1
7.6799998,16,9,0,0,1,0,0,1,1
7.73,12,22,0,0,1,1,0,1,1
7.7399998,16,7,1,1,0,0,1,1,1
7.7399998,10,12,1,0,1,0,0,0,0
7.7600002,13,22,1,0,1,0,0,0,1
7.7800002,16,14,0,0,0,0,1,1,1
7.79,16,13,1,1,0,0,1,1,1
7.79,12,37,1,0,1,0,0,1,1
7.79,16,11,0,0,1,0,1,1,0
7.8099999,13,9,1,0,1,0,1,1,1
7.8099999,12,14,1,0,0,0,0,1,0
7.8299999,13,16,1,0,1,0,1,1,1
7.8299999,14,10,0,0,1,1,0,1,0
7.8299999,14,25,1,0,1,0,0,1,1
7.8600001,13,5,1,0,0,0,1,1,1
7.8699999,12,16,0,0,0,1,0,0,1
7.8800001,12,14,1,0,0,0,1,1,1
7.9000001,18,26,1,0,1,0,0,0,1
7.9200001,12,21,1,0,0,0,0,1,1
7.9299998,13,9,1,1,0,0,0,1,1
7.9400001,13,27,0,0,1,0,0,1,0
7.96,13,15,1,0,0,0,1,1,1
7.9899998,16,14,1,0,1,0,1,1,0
8.04,16,2,0,0,0,0,0,1,1
8.0699997,13,29,1,0,0,0,1,1,1
8.1000004,13,39,1,0,0,0,0,1,1
8.1000004,13,40,0,0,1,0,0,1,1
8.1000004,16,13,0,0,1,0,0,1,1
8.1000004,14,24,1,0,1,0,0,0,1
8.1000004,13,6,0,0,1,0,0,1,1
8.1000004,12,27,1,1,0,0,1,1,1
8.1000004,12,12,1,0,1,0,1,1,1
8.1000004,12,13,0,0,1,1,0,1,1
8.1000004,4,36,0,0,1,0,1,1,1
8.1899996,13,14,0,0,1,0,1,1,1
8.1999998,14,24,0,0,0,0,0,1,1
8.29,12,2,1,0,0,0,0,1,1
8.29,12,25,1,0,0,0,1,1,1
8.29,13,39,0,0,1,0,0,1,1
8.29,16,12,1,0,1,0,0,1,1
8.29,12,10,0,0,0,0,0,1,1
8.29,12,43,1,0,1,0,1,1,0
8.29,12,23,0,0,1,0,1,1,0
8.29,12,10,0,0,0,0,0,1,1
8.3400002,12,17,0,0,1,0,1,1,1
8.3599997,16,32,1,0,1,0,1,1,1
8.3699999,12,27,0,0,1,1,0,1,1
8.3999996,14,19,1,0,1,0,1,0,0
8.4099998,16,5,0,0,1,0,0,1,1
8.4499998,13,23,1,1,0,1,0,1,1
8.4700003,12,40,1,0,1,0,1,0,1
8.4899998,13,6,0,0,0,0,0,1,1
8.4899998,12,9,0,0,1,0,0,1,0
8.4899998,12,32,1,0,1,0,1,1,1
8.4899998,12,26,0,0,0,0,0,1,1
8.4899998,16,0,1,0,0,0,0,1,1
8.4899998,16,19,1,0,1,1,0,1,0
8.4899998,13,6,1,0,1,0,1,1,0
8.5500002,18,21,1,0,0,0,1,1,0
8.5600004,14,3,0,0,1,0,0,1,1
8.6400003,12,15,1,0,1,0,0,0,1
8.6599998,12,9,0,0,0,0,0,1,1
8.6599998,12,19,1,0,1,0,0,1,1
8.6599998,14,14,0,0,1,0,0,1,1
8.6800003,12,19,1,0,1,0,0,1,1
8.6899996,13,4,0,0,1,0,1,1,1
8.7399998,12,26,1,0,1,0,0,1,1
8.7700005,14,26,0,0,1,1,0,1,0
8.8100004,12,26,0,0,1,0,1,1,0
8.8400002,16,3,1,0,1,0,1,1,0
8.8400002,11,12,1,0,0,0,1,1,1
8.8400002,12,18,0,0,1,0,1,1,1
8.8400002,12,21,1,0,1,0,0,0,1
8.8400002,12,15,0,0,0,0,1,1,1
8.8400002,11,17,0,0,0,0,0,1,1
8.8400002,12,28,1,0,0,0,0,1,1
8.8400002,12,28,1,1,0,0,1,1,1
8.8400002,16,27,0,1,0,0,1,1,1
8.8400002,14,22,1,0,1,1,0,1,1
8.8400002,12,37,1,0,1,0,1,1,1
8.8400002,12,20,1,0,1,0,0,1,1
8.8400002,14,2,1,0,0,0,0,1,1
8.8400002,13,38,0,0,1,0,0,1,1
8.8400002,12,37,1,0,0,1,0,1,1
8.8400002,13,36,0,0,1,0,1,1,1
8.8400002,12,39,0,0,1,0,0,1,1
8.8400002,13,1,1,0,0,0,1,1,1
8.8800001,12,10,0,0,0,0,1,1,1
8.9099998,12,33,0,0,1,0,0,1,0
9,12,15,1,0,1,0,1,1,1
9,18,4,1,0,0,1,0,1,1
9.0100002,12,29,1,0,1,0,0,1,1
9.0299997,13,29,1,0,1,0,1,1,1
9.0600004,14,21,0,0,0,0,0,1,0
9.1400003,14,18,1,0,0,0,0,1,1
9.1400003,16,16,0,1,1,0,1,1,1
9.1700001,12,27,0,0,1,1,0,1,1
9.21,12,29,0,0,1,0,1,1,1
9.21,12,24,0,0,1,0,1,1,0
9.21,10,45,0,0,1,1,0,1,1
9.21,9,40,0,0,1,0,0,1,0
9.21,13,16,0,0,0,0,0,1,1
9.21,13,10,1,0,0,0,1,1,1
9.21,13,23,0,0,1,0,0,1,0
9.21,12,14,1,0,0,0,1,1,0
9.21,12,13,0,0,1,0,1,1,1
9.21,9,33,0,0,1,1,0,1,1
9.21,16,13,1,0,1,0,0,1,1
9.3000002,12,17,1,0,1,0,0,0,1
9.3000002,12,16,0,0,0,0,0,1,0
9.3100004,12,44,1,0,1,0,0,1,1
9.3400002,18,26,0,0,1,0,0,1,0
9.3699999,12,14,1,0,1,0,0,1,1
9.3900003,12,9,0,0,0,0,0,1,0
9.4200001,10,40,0,0,1,1,0,1,0
9.4300003,12,23,1,0,1,0,0,1,0
9.4300003,12,3,0,0,1,0,0,1,1
9.4399996,16,5,0,0,1,0,1,1,1
9.4399996,13,17,0,0,1,0,0,1,0
9.4499998,12,34,1,0,1,0,1,1,1
9.5,12,25,0,0,1,0,0,1,1
9.5600004,12,18,1,0,1,0,0,1,1
9.5600004,13,21,1,0,0,0,1,1,1
9.5600004,12,32,0,0,1,1,0,1,1
9.5799999,10,37,0,0,1,1,0,1,0
9.5799999,13,10,1,0,0,0,0,1,1
9.5799999,9,3,0,0,0,0,0,1,1
9.5799999,12,21,0,0,1,0,0,1,1
9.5799999,16,17,1,0,1,0,0,0,1
9.5799999,18,5,0,0,1,0,0,1,1
9.5799999,14,19,1,0,0,0,0,1,1
9.5799999,12,7,0,0,1,0,0,1,1
9.5799999,13,13,0,0,1,1,0,1,1
9.5799999,13,12,0,0,1,0,0,1,1
9.5799999,12,31,0,0,1,1,0,1,0
9.5799999,16,39,1,0,0,1,0,0,1
9.6700001,16,16,1,0,0,1,1,1,1
9.7200003,16,14,0,0,1,0,0,1,1
9.75,12,20,0,0,1,0,0,1,0
9.7600002,12,15,1,0,1,0,0,1,1
9.7799997,16,8,0,0,0,0,0,1,1
9.8000002,13,20,0,0,0,0,0,1,1
9.8199997,16,10,0,0,1,0,1,1,0
9.9099998,12,23,0,0,0,0,0,1,1
9.9099998,12,44,1,0,1,0,1,1,0
9.9099998,13,9,0,0,1,0,1,1,1
9.9099998,13,6,0,0,1,0,0,1,1
9.9200001,16,5,1,0,1,0,0,1,0
9.9499998,12,26,0,0,0,1,0,1,1
9.9499998,13,6,1,0,1,0,0,1,1
9.9499998,12,30,1,0,0,0,0,1,1
10.04,12,13,1,0,1,0,0,1,0
10.13,12,15,0,0,1,0,0,1,1
10.13,13,35,1,0,1,1,0,1,1
10.13,16,6,0,0,0,0,0,1,1
10.13,12,26,1,0,0,1,0,1,0
10.13,16,13,1,0,1,0,1,1,0
10.13,13,21,1,0,1,0,0,1,1
10.13,14,9,0,0,0,1,0,1,1
10.18,12,20,0,0,1,0,0,1,0
10.19,13,11,1,0,0,0,0,1,1
10.2,13,23,1,0,0,0,0,1,1
10.26,13,45,1,0,0,0,0,1,1
10.3,13,28,1,0,1,0,0,1,1
10.31,13,15,0,0,1,0,0,1,1
10.31,12,14,0,1,0,0,1,1,1
10.31,13,27,0,0,0,1,0,1,0
10.31,13,3,1,0,0,0,0,0,1
10.31,14,12,0,0,1,1,1,1,0
10.31,12,24,1,0,1,0,0,0,1
10.31,12,12,0,0,1,0,0,1,1
10.31,12,18,1,0,1,0,0,0,1
10.31,14,31,1,0,1,0,0,0,1
10.39,16,28,0,0,0,1,0,1,0
10.42,16,19,0,0,1,0,0,1,1
10.44,12,27,0,1,1,0,1,0,0
10.46,12,31,1,0,1,0,0,1,1
10.52,14,13,0,0,0,0,0,1,1
10.52,14,24,1,0,0,0,0,1,1
10.56,14,20,1,0,1,0,0,0,1
10.57,12,10,0,0,1,0,0,1,1
10.61,13,16,1,0,1,0,0,1,0
10.61,13,7,0,0,0,0,0,1,1
10.61,12,18,1,0,1,0,0,1,1
10.61,12,26,0,0,0,1,0,1,1
10.61,16,30,0,0,1,0,0,1,1
10.61,12,25,1,1,0,0,1,1,1
10.61,18,35,1,0,1,0,0,0,0
10.62,13,7,0,0,1,0,0,1,1
10.64,12,27,0,0,1,0,1,1,1
10.68,13,16,0,0,1,0,0,1,0
10.7,13,27,1,0,0,1,1,1,1
10.74,13,25,0,0,0,0,1,1,1
10.76,18,8,1,0,1,1,0,1,0
10.77,18,16,0,0,1,0,0,1,1
10.81,13,16,0,0,0,0,1,1,1
10.87,13,23,0,0,0,0,0,1,1
10.88,13,18,0,0,1,1,0,1,0
10.89,16,22,1,0,0,0,0,1,0
10.98,16,13,0,0,0,0,0,1,1
11.05,11,24,0,1,1,0,1,1,1
11.05,13,18,1,0,1,0,0,1,0
11.05,6,19,0,0,1,0,0,1,1
11.05,9,35,1,0,1,0,0,1,1
11.05,11,6,0,0,0,0,0,1,1
11.05,12,37,1,0,1,0,0,1,1
11.05,16,10,0,0,0,0,0,1,1
11.05,13,32,0,0,1,1,0,1,1
11.05,13,6,0,0,1,0,0,1,1
11.05,12,24,0,0,1,0,0,1,1
11.05,12,26,1,0,1,0,0,1,1
11.05,12,18,0,0,0,0,1,1,1
11.05,14,33,1,1,0,1,0,1,1
11.05,12,30,0,0,1,0,0,1,1
11.05,16,10,0,0,0,0,0,1,1
11.05,16,7,1,0,1,1,0,1,1
11.05,12,4,0,0,1,1,1,1,1
11.05,16,7,1,0,0,0,0,1,1
11.05,12,28,0,0,1,0,1,1,1
11.05,14,31,0,0,1,1,0,1,0
11.05,12,38,0,0,0,1,0,1,1
11.05,12,22,0,1,1,0,0,1,1
11.12,16,24,0,0,1,1,0,1,1
11.12,13,10,0,1,0,1,0,1,1
11.17,16,10,1,0,1,1,0,1,1
11.22,12,16,1,0,1,0,1,1,1
11.29,16,1,0,0,0,0,0,1,0
11.32,12,17,0,0,1,0,0,1,1
11.33,12,5,0,0,0,0,1,1,1
11.33,13,1,0,0,0,0,0,1,1
11.33,12,11,1,0,1,0,1,1,1
11.33,12,20,0,0,1,0,0,1,1
11.35,13,28,0,0,1,0,0,1,0
11.36,13,29,1,1,0,0,0,1,1
11.36,13,19,0,0,0,0,0,1,1
11.44,13,10,0,0,0,0,0,0,1
11.51,13,16,1,0,1,1,0,0,1
11.57,12,22,0,0,1,0,0,1,1
11.59,13,16,1,0,0,0,0,1,1
11.59,16,7,0,0,0,0,1,1,1
11.59,12,27,0,0,0,1,0,1,1
11.6,13,36,0,0,1,1,0,1,1
11.61,12,31,0,0,1,0,0,1,0
11.64,14,18,0,0,1,0,0,1,1
11.68,16,2,1,0,0,0,1,1,1
11.68,16,3,0,0,0,1,0,1,1
11.68,16,19,0,1,0,0,1,1,1
11.73,12,35,1,0,0,0,0,1,1
11.73,12,20,0,0,1,0,0,1,0
11.75,14,16,0,0,0,0,0,1,0
11.79,13,10,0,0,0,0,0,1,1
11.79,16,27,0,1,0,0,1,1,1
11.79,13,17,0,0,1,0,1,1,0
11.79,18,5,1,0,1,1,0,1,1
11.79,16,2,0,0,0,0,1,1,1
11.79,14,7,1,0,1,1,0,0,0
11.8,16,22,1,0,0,0,1,1,1
11.8,12,42,0,0,1,1,0,1,0
11.81,12,14,0,0,1,0,1,1,1
11.86,16,5,0,0,0,0,0,1,1
11.86,12,20,1,0,0,1,0,1,1
11.87,12,35,0,0,1,1,0,1,0
11.9,13,18,0,0,1,1,0,0,1
11.91,13,15,0,0,1,0,0,1,0
11.97,16,9,0,0,1,0,0,1,1
11.97,13,16,1,1,0,0,0,1,1
11.97,11,26,0,0,1,0,1,1,0
12,18,21,1,0,0,1,0,1,1
12.02,18,8,1,0,1,1,0,1,1
12.03,16,1,0,0,0,0,1,1,1
12.03,12,17,0,0,1,0,1,1,1
12.03,16,14,0,0,1,0,0,1,1
12.03,16,9,1,0,0,0,0,1,1
12.05,6,30,0,0,1,0,0,1,1
12.12,16,35,1,0,1,0,1,1,0
12.16,12,25,0,0,1,1,0,1,1
12.17,16,4,1,0,1,0,0,1,1
12.22,16,30,0,0,1,0,0,1,0
12.23,12,36,1,0,1,0,0,0,1
12.23,6,40,1,0,1,0,0,1,1
12.25,14,26,1,0,1,0,1,1,1
12.28,13,28,0,0,0,0,0,1,1
12.28,13,33,0,0,1,0,0,1,0
12.34,13,20,0,0,1,1,0,1,0
12.36,16,22,1,0,1,0,0,1,1
12.38,16,15,1,0,0,1,0,1,1
12.4,16,14,0,0,0,0,0,1,1
12.4,18,12,0,1,1,0,1,1,1
12.4,13,5,0,0,1,0,1,1,1
12.4,18,26,1,0,0,0,0,1,1
12.4,16,16,0,0,1,0,1,1,1
12.4,18,24,0,0,1,0,1,1,1
12.4,13,34,0,0,0,0,1,1,1
12.4,12,25,0,0,1,1,1,1,0
12.4,18,26,0,0,1,1,1,1,1
12.4,12,31,0,0,1,0,0,1,1
12.44,12,13,0,0,1,0,0,1,1
12.52,16,10,1,0,0,0,0,1,1
12.52,13,19,0,0,1,0,0,1,0
12.52,12,10,0,0,1,0,0,1,1
12.52,14,23,0,0,1,0,1,1,0
12.52,12,16,0,0,1,0,0,1,1
12.52,12,29,0,0,1,0,0,1,1
12.59,16,8,0,0,0,0,0,1,1
12.63,14,11,0,0,1,0,1,1,1
12.64,12,44,0,0,1,1,0,1,1
12.71,13,30,0,0,1,1,0,1,1
12.75,16,5,0,0,0,0,1,1,1
12.75,13,36,0,0,1,1,0,1,1
12.75,16,9,1,0,0,0,1,1,1
12.75,14,29,0,0,1,0,0,1,1
12.75,16,6,1,0,0,0,0,1,0
12.75,16,35,0,0,1,0,0,1,0
12.75,18,35,1,0,1,1,0,1,0
12.75,13,22,1,0,0,0,0,1,1
12.75,18,20,0,1,1,1,0,1,0
12.75,18,21,1,0,1,0,1,1,1
12.75,13,8,0,0,1,0,0,1,0
12.87,18,25,0,0,1,0,1,1,1
12.88,13,29,1,0,1,1,0,1,1
12.89,12,26,0,0,0,0,0,1,1
12.89,8,35,0,0,1,0,1,1,0
12.89,16,2,0,0,0,0,0,1,0
12.89,16,0,0,0,0,0,1,1,1
12.91,18,26,0,0,1,0,0,1,1
12.96,12,27,1,0,0,1,0,0,1
12.97,13,10,1,1,1,0,0,1,1
13.07,18,8,1,0,1,0,0,0,1
13.08,14,33,1,0,1,0,1,1,1
13.08,16,21,1,0,1,0,1,1,1
13.1,12,24,1,0,0,1,0,1,0
13.1,16,5,0,0,1,0,1,1,1
13.1,18,10,1,0,1,0,1,1,0
13.11,12,43,0,0,1,1,0,1,1
13.13,13,29,1,0,0,0,0,1,1
13.15,13,19,1,1,1,0,0,1,1
13.17,13,18,1,0,1,1,0,1,1
13.21,16,24,0,0,1,0,0,1,1
13.26,16,31,1,0,1,0,0,0,1
13.26,12,11,0,0,1,0,1,1,1
13.29,16,12,0,0,1,0,0,1,1
13.3,13,22,1,0,1,1,0,1,0
13.32,12,5,0,0,1,1,0,1,1
13.33,12,36,1,1,1,0,1,1,1
13.45,13,26,0,0,1,0,1,1,1
13.45,16,6,0,0,0,0,0,1,1
13.45,16,20,1,0,1,1,0,1,1
13.46,18,19,0,0,0,0,1,1,1
13.57,18,5,0,0,1,0,0,1,1
13.59,12,38,1,0,0,0,0,1,1
13.6,18,21,1,0,1,1,1,1,1
13.61,12,25,0,0,1,1,0,1,1
13.68,12,12,0,0,0,1,1,1,1
13.81,16,18,0,0,1,1,0,1,1
13.83,14,17,0,0,0,1,0,1,1
13.91,12,19,0,0,0,1,1,1,1
14.11,13,29,0,0,1,1,0,1,1
14.16,16,9,0,0,1,0,0,1,1
14.16,18,7,0,0,0,1,0,1,1
14.16,13,21,0,0,0,0,0,1,1
14.16,14,20,1,0,0,1,0,1,0
14.16,12,21,0,0,1,0,0,1,1
14.16,16,8,0,0,1,0,1,1,1
14.16,16,12,0,0,1,1,0,1,1
14.16,16,4,1,0,0,0,0,1,1
14.16,13,14,1,0,1,0,1,1,1
14.16,12,32,1,0,1,0,1,1,1
14.16,18,27,0,0,1,1,0,1,1
14.16,16,8,0,0,0,1,0,1,1
14.16,12,23,0,0,1,0,1,1,1
14.17,16,26,1,0,0,0,0,1,1
14.17,16,25,1,0,0,0,0,1,1
14.18,12,15,1,0,0,0,0,1,1
14.19,18,23,0,0,1,0,1,1,1
14.27,13,28,1,0,0,0,0,1,1
14.37,12,32,1,0,1,0,0,1,1
14.51,8,28,0,0,1,0,0,1,1
14.51,16,18,1,0,1,0,0,1,1
14.52,13,16,1,0,0,0,0,1,1
14.73,13,12,0,0,1,0,0,1,1
14.73,12,42,1,0,1,0,0,0,0
14.73,13,35,1,0,0,1,0,0,1
14.73,13,35,0,0,1,0,1,1,1
14.73,12,23,0,0,0,0,0,1,1
14.73,14,14,0,0,1,1,1,1,1
14.73,13,20,1,0,0,0,0,0,1
14.73,16,24,0,0,1,1,0,1,1
14.73,16,41,0,0,1,0,0,0,0
14.73,18,16,1,0,1,1,0,1,1
14.78,16,28,0,0,1,0,0,1,1
14.78,13,24,1,0,1,1,0,1,0
14.81,14,23,1,0,1,0,0,1,1
14.86,12,33,0,1,1,1,0,1,1
14.86,18,16,1,0,1,1,1,1,1
14.86,18,26,0,0,1,0,0,1,1
14.86,13,22,1,0,0,1,0,1,1
14.86,18,23,0,0,0,1,0,1,1
15.1,13,14,0,0,1,0,0,1,1
15.21,18,7,0,0,1,0,0,1,1
15.35,18,20,0,0,1,0,0,1,1
15.35,13,24,1,0,1,1,0,1,1
15.35,12,42,0,0,1,0,0,1,1
15.47,13,35,0,0,1,0,0,1,0
15.47,16,11,0,0,1,0,0,1,1
15.55,13,18,0,0,1,0,0,1,1
15.55,16,12,0,0,1,1,0,1,1
15.57,12,16,0,0,1,1,0,1,1
15.57,16,31,0,0,1,0,1,1,1
15.57,16,3,1,0,0,0,1,1,1
15.58,13,17,0,0,0,0,0,1,1
15.66,12,21,1,0,1,0,1,1,1
15.66,6,52,0,1,0,0,0,1,1
15.69,16,21,0,0,1,0,1,1,0
15.82,16,32,0,0,1,0,0,1,1
15.85,16,13,1,0,0,0,1,1,1
15.86,13,23,1,0,1,0,0,1,1
15.91,12,12,0,0,1,1,1,1,1
15.91,16,23,1,1,0,0,1,1,1
15.93,16,10,0,0,0,0,0,1,1
15.93,12,39,1,0,0,0,1,1,1
15.93,11,19,0,0,1,0,1,1,1
15.93,16,8,0,0,0,0,0,1,1
15.93,13,30,0,0,1,0,0,1,1
15.93,16,10,1,0,0,0,0,1,1
15.93,18,2,0,0,0,0,0,1,1
15.93,16,16,0,0,1,0,0,1,0
15.93,18,36,1,0,1,1,0,1,1
16.1,12,24,0,0,0,0,0,1,1
16.120001,18,3,1,0,0,1,0,1,1
16.129999,12,41,0,0,1,0,0,1,1
16.129999,14,20,0,0,0,0,0,1,0
16.17,12,41,1,0,1,0,0,1,1
16.209999,12,29,0,0,1,0,0,1,0
16.280001,18,26,1,1,0,0,1,1,0
16.280001,18,33,1,0,1,0,0,1,1
16.360001,18,13,1,0,0,0,1,1,1
16.370001,12,22,1,0,1,0,0,1,0
16.58,18,14,0,0,0,0,0,1,1
16.58,14,38,1,0,1,0,1,1,1
16.58,12,16,0,0,1,0,0,1,1
16.620001,16,15,0,0,1,0,0,1,1
16.68,16,7,1,0,1,0,0,1,1
16.940001,12,19,0,0,0,0,0,1,1
16.940001,13,29,0,0,1,0,0,1,0
16.99,18,12,0,0,1,0,0,1,1
16.99,9,34,1,0,1,1,0,1,1
17,16,22,1,0,0,0,1,1,1
17,13,23,0,0,1,0,0,1,1
17,16,9,1,0,1,0,1,1,1
17.040001,16,8,0,0,1,0,0,1,1
17.049999,12,37,0,0,1,0,1,1,1
17.200001,12,14,0,0,1,1,0,1,1
17.25,14,33,1,0,0,0,0,1,1
17.530001,18,22,0,0,1,1,0,1,1
17.540001,16,18,0,0,1,0,0,1,1
17.68,13,12,0,1,0,0,0,1,1
17.68,16,14,1,0,1,0,0,1,1
17.700001,12,9,1,0,1,0,0,1,1
17.700001,12,24,0,0,1,0,1,1,1
17.700001,14,30,0,0,1,0,1,1,1
17.700001,18,23,1,0,1,0,0,1,1
17.700001,18,13,1,0,1,1,0,1,1
17.700001,12,27,0,0,1,1,0,1,1
17.700001,18,5,1,0,1,1,0,1,1
17.76,16,18,0,0,1,0,0,1,1
17.83,13,25,0,0,1,1,0,1,1
17.85,16,9,0,0,0,0,0,1,1
18.120001,14,12,1,0,1,0,0,0,0
18.17,16,9,1,0,1,0,0,1,0
18.17,18,23,0,0,1,0,0,1,1
18.23,16,23,0,0,0,0,1,1,1
18.27,18,1,1,0,1,0,0,0,1
18.33,12,40,0,0,1,0,1,1,0
18.389999,12,13,0,0,1,1,0,1,1
18.42,18,26,1,0,0,0,1,1,1
18.42,13,22,1,0,0,0,0,1,1
18.42,16,12,1,0,1,0,0,1,1
18.42,12,19,0,0,1,0,0,1,1
18.42,16,5,0,0,0,0,1,1,1
18.42,16,28,0,0,0,0,0,1,1
18.42,12,23,1,1,1,0,1,1,1
18.42,14,43,0,0,1,0,0,1,1
18.42,16,7,1,0,0,0,0,1,1
18.42,18,26,0,0,1,0,0,1,1
18.440001,16,24,1,1,0,0,0,1,1
18.67,16,12,1,0,1,1,1,1,1
18.879999,18,6,0,0,1,0,0,1,1
18.879999,16,18,0,0,1,0,1,1,1
19.120001,13,25,0,0,1,0,1,1,1
19.120001,18,12,1,0,0,0,0,1,1
19.120001,12,24,0,0,1,0,0,1,1
19.16,12,22,0,1,0,1,0,1,1
19.32,18,22,0,0,0,0,0,1,1
19.34,14,26,0,0,1,1,1,1,1
19.469999,13,21,0,0,0,0,0,1,1
19.83,18,11,0,0,0,0,0,1,1
19.83,18,11,0,0,1,0,0,1,1
19.83,16,26,0,0,1,0,1,1,1
19.860001,16,14,0,0,1,0,0,1,1
20.02,18,16,0,0,0,1,0,1,1
20.23,16,13,0,0,1,1,0,1,1
20.24,18,28,0,0,1,0,0,1,1
20.26,18,19,0,0,1,0,0,1,1
20.459999,12,37,0,0,1,1,0,1,1
20.49,18,34,0,0,1,1,0,1,1
20.540001,16,26,1,0,0,1,0,1,1
20.93,18,17,0,0,0,0,0,1,1
21.07,13,23,0,0,1,0,1,1,1
21.24,14,35,0,0,1,0,0,1,1
21.25,12,27,0,0,0,0,0,1,1
21.25,12,27,0,0,1,0,0,1,1
21.25,16,9,1,0,0,0,0,1,0
21.450001,13,31,0,0,1,0,0,1,1
22.030001,12,20,0,0,1,1,0,1,1
22.1,16,21,1,0,1,0,0,0,0
22.139999,16,22,0,0,1,0,0,1,1
22.379999,16,26,0,0,1,0,0,1,1
22.58,16,21,0,0,1,0,1,1,1
22.66,16,18,1,0,1,0,0,1,1
22.66,18,18,0,0,1,1,0,1,1
22.950001,18,27,0,0,1,0,0,1,1
22.950001,16,20,1,0,1,0,1,1,1
23.02,16,29,0,0,1,1,0,1,1
23.02,18,18,0,0,1,0,0,1,1
23.23,13,12,1,0,1,0,1,1,1
23.58,14,15,0,0,1,1,0,1,1
23.58,12,33,0,0,0,1,0,1,1
23.610001,18,20,0,0,1,0,0,1,1
23.610001,16,8,0,0,1,0,0,1,1
23.610001,18,28,0,0,1,1,0,1,1
23.610001,13,29,0,0,0,0,0,1,1
23.610001,16,31,0,0,1,0,0,1,1
23.719999,16,32,0,0,1,0,0,1,1
23.719999,16,10,0,0,0,0,0,1,1
24.790001,12,27,0,0,1,1,0,1,1
24.790001,16,8,1,0,1,0,1,1,1
24.790001,12,17,0,1,0,0,1,1,1
25.26,16,30,0,1,0,0,0,1,1
25.42,18,34,0,0,1,0,0,1,0
25.49,18,25,1,0,1,0,1,1,1
25.530001,18,28,1,0,1,1,0,1,1
25.76,18,14,1,0,1,0,1,1,1
25.76,16,26,0,0,0,0,0,1,1
25.790001,18,23,1,0,1,0,1,1,1
26.440001,18,34,0,0,1,1,0,1,1
26.98,12,45,0,0,1,0,0,1,0
27.26,16,3,1,0,0,0,1,1,0
28,13,15,0,0,1,0,1,0,1
28.040001,16,15,0,0,1,0,0,1,1
28.32,13,24,0,0,1,0,1,1,1
28.33,18,13,1,0,0,0,0,1,1
28.33,18,12,1,0,0,0,0,1,1
28.33,12,34,1,0,0,0,1,1,1
28.33,18,16,0,0,0,0,1,1,1
28.33,18,11,0,0,1,0,0,1,1
28.33,16,18,0,0,1,0,0,1,1
29.52,16,41,0,0,1,0,0,1,1
31.48,13,34,0,0,1,0,0,1,1
32.689999,16,20,1,0,1,1,0,1,1
34,18,26,0,0,1,0,0,1,1
35.419998,16,16,0,0,1,0,0,1,1
35.419998,14,22,0,0,0,0,0,1,1
35.419998,18,21,0,0,1,0,0,1,1
35.419998,18,23,1,0,1,1,0,1,1
36.84,16,7,1,0,1,0,0,0,1
41.32,16,11,1,0,1,0,0,0,1
47.220001,18,35,0,0,1,1,0,0,1
60.189999,16,33,0,0,1,1,0,0,1
