price,sqft,age,utown,pool,fplace
205.452,23.459999,6,0,0,1
185.328,20.030001,5,0,0,1
248.422,27.77,6,0,0,0
154.69,20.17,1,0,0,0
221.80099,26.450001,0,0,0,1
199.119,21.559999,6,0,0,1
272.134,29.91,9,0,0,1
250.631,27.98,0,0,0,1
197.24001,24.799999,0,0,1,0
235.755,27.5,0,0,0,0
189.63901,20.82,14,0,0,0
227.008,23.379999,12,0,0,1
248.256,29.82,10,0,0,0
171.88499,20.059999,1,0,1,0
163.76401,20.6,2,0,0,0
261.254,29.1,2,0,0,0
239.828,29.540001,17,0,0,0
201.591,23.110001,26,0,0,0
225.56599,27.030001,7,0,0,1
227.17799,25.700001,2,0,0,1
232.894,27.610001,5,0,0,1
254.58,29.530001,1,0,0,1
229.38,25.129999,9,0,0,0
193.207,23.4,2,0,1,0
222.179,25.450001,4,0,0,1
226.32201,27.27,1,0,0,0
213.106,22.809999,9,0,1,1
249.03,27.93,5,0,0,0
232.088,26.6,5,0,0,0
229.52299,28.049999,5,0,0,0
201.72,23.74,16,0,0,1
216.75301,25.719999,22,0,0,1
212.30099,26.16,14,0,0,0
222.97301,25.940001,3,0,0,0
205.362,23.200001,2,0,1,1
247.93201,28.35,35,0,0,1
211.983,24.42,2,0,0,1
134.31599,20.469999,17,0,0,0
200.07001,21.27,5,0,0,0
215.343,27.16,2,0,0,0
228.69701,28.059999,9,0,1,1
229.896,25.76,3,0,0,0
189.653,22.57,3,0,1,1
210.36099,26.959999,30,0,1,1
261.53201,27.58,10,0,0,0
244.08501,26.32,7,0,0,0
224.161,24.950001,10,0,1,0
254.577,29.27,19,0,0,1
201.623,21.690001,1,0,0,0
258.44199,29.74,28,0,0,1
211.424,25.48,0,0,0,1
230.35201,29.34,7,0,0,0
235.32401,26.959999,11,0,1,0
249.912,29.860001,4,0,0,1
158.16299,21,14,0,0,1
244.091,28.76,4,0,0,1
214.98199,22.5,6,0,0,0
207.261,24.700001,12,0,0,1
189.66299,23.959999,21,0,0,0
212.396,22.57,36,0,0,1
215.85001,25.5,8,0,0,0
233.10201,27.23,7,0,0,0
147.62,20.469999,11,0,0,0
246.05299,29.16,3,0,0,1
204.246,27.01,2,0,0,0
188.84801,20.16,17,0,0,1
199.90601,21.91,0,0,0,1
268.20901,28.9,8,0,0,1
262.5,29.299999,30,0,0,0
190.134,22.459999,15,0,0,0
214.761,25.82,6,0,1,0
169.271,21.549999,5,0,0,0
225.427,26.23,11,0,1,1
184.506,25.639999,24,0,0,1
251.076,25.799999,4,0,0,0
205.255,20.99,0,0,1,0
184.54601,21.26,27,0,0,0
199.33299,22.299999,2,0,0,1
232.931,25.799999,18,0,0,0
213.714,25.360001,3,0,0,0
253.61099,27.379999,10,0,0,1
223.72301,24.370001,17,0,0,0
209.033,25.709999,16,0,0,0
219.741,25.33,29,0,0,1
176.065,20.379999,12,0,1,0
245.132,29.82,14,0,0,1
160.30499,20.08,8,0,1,0
194.806,20.690001,2,0,0,0
184.914,22.139999,11,0,0,0
218.771,23.629999,2,0,1,0
240.763,29.040001,4,0,0,0
202.903,27.49,16,0,0,1
218.649,27.73,7,0,0,1
218.96899,23.67,4,0,0,1
210.638,24.25,1,0,0,1
203.894,24.6,0,0,0,1
217.342,23.360001,17,0,1,0
208.681,24.35,2,0,0,0
225.09801,27.33,17,0,0,1
217.151,25.200001,5,0,0,0
228.27299,24.17,3,0,0,1
220.80299,26.719999,5,0,1,0
192.231,22.68,7,0,0,0
231.082,25.18,15,0,0,0
264.38199,29.08,6,0,0,1
259.22101,29.08,3,0,0,1
241.35201,27.879999,18,0,1,1
240.429,27.379999,2,0,0,1
166.8,20.07,9,0,0,0
263.28,29.440001,9,0,0,1
208.78,23.51,2,0,0,0
254.205,29.52,5,0,0,1
228.36301,25.379999,22,0,1,1
212.381,24.610001,2,0,1,1
164.924,22.27,8,0,0,0
250.793,29.27,24,0,1,1
240.858,25.959999,7,0,0,1
168.758,21.139999,10,0,0,1
220.285,26.780001,2,0,0,1
206.138,24.75,8,0,0,0
204.862,25.299999,9,0,1,0
224.61,25.51,6,0,0,1
270.397,29.549999,12,0,0,1
194.297,22.469999,11,0,0,1
199.157,26.08,7,0,0,0
205.504,24.809999,2,0,0,0
235.548,28.77,2,0,1,1
218.334,27.24,15,0,0,1
192.51199,22.889999,45,0,1,0
197.923,22.15,12,0,0,0
190.49001,25.15,3,0,0,0
229.36301,27.719999,42,0,0,1
226.629,25.52,1,0,0,0
255.153,29,0,0,0,1
200.369,23.299999,4,0,0,0
257.29001,29.08,11,0,0,1
258.55801,27.370001,0,0,0,1
238.405,25.26,8,0,0,1
238.034,28.92,2,0,0,0
181.041,20.950001,13,0,0,1
191.366,23.77,5,0,0,1
186.388,21.290001,5,0,0,0
201.364,24.969999,3,0,0,1
237.306,28.57,5,0,0,0
188.401,20.41,23,0,0,0
185.05701,21.91,2,0,0,0
271.082,29.860001,13,0,0,1
196.60201,25.73,6,0,0,0
212.20399,28.209999,5,0,0,0
214.785,27.540001,1,0,0,0
211.93401,20.1,0,0,0,0
193.11,21.879999,8,0,0,1
274.82901,29.91,0,0,0,1
235.868,26.83,1,0,1,0
183.526,20.17,6,0,0,1
228.13499,28.200001,7,0,1,0
261.44299,25.700001,0,0,1,1
194.472,24.469999,3,0,0,0
218.892,24.459999,1,0,1,1
236.39799,27.440001,1,0,0,1
182.50101,22.93,4,0,0,0
225.062,28,8,0,0,0
258.69699,29.09,3,0,0,1
207.265,22.24,2,0,0,0
224.451,22.34,5,0,0,0
245.33299,28.42,39,0,0,1
193.73,20.98,1,0,1,0
142.37801,22,5,0,0,1
165.304,21.629999,2,0,0,1
218.84599,27.73,1,0,0,1
183.795,22.08,7,0,0,0
269.914,29.559999,3,0,1,1
174.32001,20.33,1,0,0,0
196.662,23.4,40,0,0,0
241.577,25.82,2,0,1,0
257.435,29.85,18,0,1,1
234.855,25.959999,20,0,0,0
204.851,22.690001,9,0,0,0
222.72501,27.459999,3,0,0,1
197.573,22.950001,10,0,1,1
251.093,27.809999,23,0,0,0
168.13,21.1,6,0,0,0
231.53799,27.84,4,0,0,1
195.507,21.629999,4,0,1,0
239.17999,27.27,2,0,0,1
192.815,22.4,13,0,0,0
191.576,20.17,0,0,0,0
248.843,26.4,13,0,1,0
156.317,20.5,17,0,0,0
228.595,27.76,2,0,0,1
220.761,25.59,9,0,0,1
196.74699,23.309999,9,0,0,0
165.61,20.809999,21,0,0,1
264.44299,27.75,4,0,0,1
208.12399,25.09,4,0,0,0
273.70801,28.4,4,0,0,1
242.80299,28.23,0,0,0,1
196.422,21.93,0,0,0,1
201.42799,20.77,6,0,0,0
249.407,29.379999,2,0,0,0
221.061,23.73,6,0,1,1
242.758,28.110001,3,0,0,0
224.17999,27.6,6,0,0,0
199.127,20.290001,0,0,0,0
226.797,25.879999,9,0,0,1
254.058,28.030001,3,0,0,1
234.69299,28.26,0,0,0,1
218.159,26.219999,2,0,0,1
186.51199,21.370001,3,0,1,0
212.75101,27.200001,29,0,1,1
234.216,29.709999,31,0,0,0
183.862,24.26,26,0,0,1
194.283,21.6,29,0,1,0
224.763,26.540001,5,0,1,0
264.556,25.940001,1,0,0,0
247.66299,29.9,3,0,0,0
158.754,23.9,35,0,0,1
188.32899,21.809999,5,0,0,1
224.746,27.129999,1,0,0,0
196.745,22.889999,14,0,0,1
183.698,21.120001,44,0,0,0
206.70799,24.049999,4,0,1,0
192.589,22.860001,8,0,0,1
212.827,23.75,20,0,1,1
218.886,26.32,1,0,0,0
207.358,26.74,0,0,0,1
195.30299,20.610001,14,0,0,0
227.416,27.709999,8,0,0,1
222.315,24.040001,4,0,0,0
226.41901,27.68,7,0,0,0
193.52901,23.18,7,0,0,0
203.69299,20.9,0,0,1,1
193.909,22.049999,15,0,0,0
249.317,28.120001,27,0,0,1
231.508,28.65,6,0,0,0
199.659,26.610001,2,0,0,1
204.34399,20.98,4,0,0,1
199.207,23.610001,21,0,1,0
243.80701,29.459999,4,0,0,1
212.158,24.77,2,0,0,1
208.431,23.959999,4,0,0,0
219.924,26.24,34,0,0,0
168.373,22.42,23,0,0,0
195.901,22.25,7,0,0,0
220.179,25.559999,5,0,0,1
214.847,25.290001,23,0,0,0
225.24699,26.83,1,0,0,0
232.198,28.809999,1,0,1,1
213.44,27.25,2,0,0,0
241.336,28.99,7,0,1,1
196.108,23.700001,1,0,1,0
182.041,20.959999,3,0,0,0
222.32001,26.129999,2,0,1,0
176.12601,21.99,13,0,0,0
229.52901,24.870001,20,0,1,0
246.093,28.84,7,0,0,1
198.145,22.700001,6,0,1,0
206.606,25.6,6,0,1,0
214.153,26.129999,4,0,0,1
242.79601,28.51,7,0,0,1
237.50999,26.18,3,0,1,1
193.209,23.950001,3,0,0,1
175.698,22.879999,3,0,0,1
234.117,26.639999,20,0,0,1
182.306,20.74,13,0,1,0
228.916,28.93,11,0,0,0
192.474,20.92,23,0,0,1
216.448,29.52,11,0,0,1
255.20599,28.98,18,0,0,0
244.63499,25.73,0,0,0,0
207.095,22.01,7,0,0,0
217.304,26.57,2,0,0,1
220.754,23.799999,10,0,0,1
248.49699,26.860001,0,0,0,0
193.631,23.879999,18,0,0,0
247.45,28.440001,10,0,0,0
235.73801,28.57,7,0,0,0
221.86,23.290001,3,0,0,1
216.931,27.42,6,0,0,1
199.257,24.51,10,0,0,1
163.901,22.4,12,0,0,0
210.16299,25.620001,26,0,0,1
226.375,27.01,25,0,0,1
263.267,27.209999,35,0,1,1
246.534,29.83,34,0,0,0
173.39,21.370001,19,0,1,0
206.127,25.25,0,0,0,1
240.196,24.75,0,0,0,1
227.64,27.77,26,0,0,1
259.14401,27.99,24,0,1,1
179.29601,20.280001,3,0,0,0
234.77901,25.620001,7,0,0,1
220.916,23.950001,0,0,1,0
182.285,20.99,13,0,0,0
203.12199,23.43,7,0,0,1
206.86301,26.870001,6,0,0,1
240.265,26.530001,4,0,0,0
245.806,27.799999,6,0,1,1
242.95799,26.52,2,0,1,0
276.97699,28.040001,5,0,0,1
212.274,25.84,11,0,0,1
178.336,21.120001,2,0,0,0
217.621,26.27,0,0,0,1
177.51199,20.15,13,0,1,0
199.61501,25.91,37,0,1,0
216.444,26.309999,4,0,0,1
243.16701,29.16,9,0,0,1
171.927,22.200001,6,0,1,1
228.58501,23.690001,3,0,0,1
247.754,29.049999,1,0,1,0
205.88699,22.93,23,0,0,0
185.62199,21.969999,2,0,0,1
230.412,23.43,1,0,0,1
251.125,27.75,4,0,0,0
208.54201,24.17,13,0,0,1
226.98399,22.67,11,0,1,1
233.89999,24.620001,8,0,0,1
175.36501,20.35,8,0,0,0
251.772,27.870001,4,0,0,1
245.74001,28.209999,1,0,1,1
201.008,25.299999,29,0,0,0
224.54401,24.459999,4,0,1,0
226.995,22.76,26,0,0,0
206.22701,21.379999,3,0,0,1
183.53101,22.74,13,0,0,1
236.246,26.24,8,0,0,1
217.66299,26.450001,2,0,0,0
252.483,27.370001,2,0,0,1
211.39,26.629999,3,0,1,1
211.295,25.360001,9,0,0,1
211.09,25.23,11,0,0,1
239.339,27.17,12,0,0,1
217.144,22.709999,10,0,0,1
199.74699,20.4,23,0,0,0
255.26801,28.940001,19,0,0,0
194.65199,22.01,0,0,0,0
190.959,25.549999,20,0,0,0
198.39101,21.51,2,0,0,1
191.05499,27.059999,49,0,1,1
195.382,23.67,1,0,0,1
193.688,23.76,17,0,1,1
196.81799,21,14,0,0,0
226.832,28.65,6,0,0,0
200.453,22.08,3,0,0,1
206.714,25.209999,8,0,0,1
216.116,23.139999,12,0,0,1
196.77299,23.26,2,0,0,0
219.493,22.129999,13,0,1,0
241.45599,27.85,12,0,0,0
205.013,24.51,33,0,0,0
243.64301,28.950001,0,0,0,0
238.966,26.59,1,0,0,1
233.50301,26.719999,5,0,0,1
181.183,20.59,18,0,0,0
183.354,21.389999,6,0,0,0
204.379,20.9,11,0,0,1
216.02699,20.309999,3,0,0,0
225.504,28.74,13,0,0,1
203.49001,22.59,25,0,1,1
190.034,23.5,2,0,0,1
261.77499,28.879999,14,0,0,1
236.614,24.959999,11,0,0,1
241.603,29.389999,21,0,0,0
223.24899,27.049999,4,0,0,0
169.44099,20.16,11,0,0,0
178.039,20.23,3,0,0,1
192.17101,21.629999,3,0,0,0
202.603,24.76,1,0,0,0
231.246,26.16,0,0,0,1
178.39301,22.219999,0,0,0,0
173.87399,21.969999,32,0,0,1
214.573,24,6,0,0,0
234.339,28.709999,12,0,0,1
218.802,28.629999,37,0,0,1
208.26601,26.280001,13,0,0,1
198.009,23.08,6,0,0,1
243.41,29.370001,21,0,0,0
261.67999,28.32,5,0,1,1
259.89499,29.889999,4,0,1,0
201.397,26.75,22,0,0,1
236.827,27.120001,20,0,0,0
209.80701,24.110001,7,0,1,1
222.883,25.92,38,0,0,0
170.703,24.25,11,0,0,1
205.576,25.610001,2,0,0,0
253.06599,26.08,1,0,0,0
195.533,23.200001,4,0,1,1
264.539,29.02,9,0,0,0
141.62,20.030001,20,0,0,0
237.703,26.92,17,0,0,0
200.547,25.17,15,0,0,1
229.252,27.459999,19,0,0,0
190.73801,25.18,16,0,0,0
233.79401,24.110001,18,0,0,1
188.718,25.309999,18,0,1,0
242.705,29.73,5,0,0,1
224.595,27.33,17,0,0,1
189.935,21.07,20,0,0,0
243.493,26.809999,3,0,0,1
209.825,25.23,3,0,0,1
210.047,26.34,6,0,1,1
248.899,28.370001,15,0,0,0
197.34,22.25,1,0,0,1
225.39101,27.860001,7,0,1,1
211.685,28.549999,0,0,0,0
176.38901,21.700001,26,0,0,1
157.092,20.309999,30,0,0,1
175.38699,21.280001,18,0,0,0
196.89,20.030001,16,0,0,0
206.16299,23.4,6,0,0,1
248.939,29.48,7,0,0,1
242.799,29.75,17,0,0,1
196.655,20.450001,1,0,0,0
209.31599,22.16,1,0,1,1
203.558,24.91,14,0,0,0
215.265,25.83,1,0,1,0
164.164,20.969999,3,0,0,0
218.10699,23.57,1,0,0,0
210.739,28.25,11,0,0,1
185.87601,22.870001,5,0,0,1
163.64,21.15,2,0,0,1
210.2,23.059999,18,0,0,0
201.80299,23.370001,16,0,0,1
248.35899,27.51,13,0,1,0
219.489,28.83,5,0,1,0
213.47,25.690001,4,0,0,0
197.40401,23.549999,2,0,1,0
196.459,22.889999,13,0,0,1
221.649,28.99,8,0,0,0
204.47701,22.76,9,0,0,0
204.304,24.25,29,0,0,0
268.77802,29.68,7,0,0,1
206.65601,23.42,23,0,0,1
208.605,24.23,3,0,0,1
199.14101,23,9,0,0,1
224.98599,24.700001,22,0,0,1
235.63699,28.610001,7,0,0,1
254.065,26.379999,6,0,1,0
175.011,20.639999,6,0,0,0
213.498,25.18,3,0,0,1
222.73801,21.02,11,0,1,0
215.27499,27.5,19,0,0,1
224.87199,25.1,1,0,0,1
220.91901,25.5,13,0,0,1
219.61501,29.15,35,0,0,0
179.265,22.84,11,0,0,1
205.722,20.98,3,0,1,1
203.888,21.48,1,0,0,1
195.42799,23.07,0,0,0,1
223.44,26.4,5,0,0,0
202.091,24.620001,3,0,0,1
163.15601,20.23,60,0,0,1
224.728,25.379999,11,0,0,1
180.468,21.07,7,0,0,1
211.69,21.77,7,0,0,1
229.75,26.17,8,0,0,1
232.924,27.09,7,0,0,1
252.741,27.799999,16,0,1,1
184.30299,25.440001,2,0,0,0
193.29601,23.15,10,0,1,1
243.10699,27.280001,12,0,0,1
209.668,25.950001,0,0,0,1
202.905,25.370001,1,0,0,1
259.66199,29.059999,22,0,0,1
240.157,29.280001,9,0,1,1
214.948,26.58,15,0,0,0
192.086,26.66,17,0,0,0
276.04901,29.77,6,0,1,0
258.41101,29.25,1,0,0,1
240.55299,28.940001,11,0,1,1
217.298,26.49,0,0,0,1
175.737,20.27,21,0,0,1
252.226,28.530001,1,0,0,0
221.38699,25.77,1,0,0,0
249.342,28.959999,7,0,1,1
211.492,25.42,22,0,1,1
193.52699,24.200001,9,0,0,1
226.952,22.059999,3,0,0,0
229.38499,28.219999,19,0,0,0
209.213,24.93,39,0,0,1
238.446,27.209999,1,0,0,1
276.96399,24.26,1,1,0,0
268.86499,24.450001,5,1,0,1
285.71399,28.280001,8,1,0,0
318.69601,29.4,0,1,0,1
315.94901,28.07,9,1,0,0
299.16101,25.870001,1,1,1,0
279.215,24.42,6,1,0,0
283.05801,24.58,3,1,0,1
315.57401,29.780001,4,1,0,0
277.16,24.700001,0,1,0,0
294.35101,26.870001,9,1,1,0
335.75101,27.700001,0,1,0,0
241.43401,20.889999,11,1,1,0
275.03,25.209999,6,1,0,1
191.57001,20.08,15,1,0,0
297.94299,26.74,1,1,1,0
263.24399,24.76,14,1,0,1
332.63199,29.450001,0,1,0,0
282.328,23.99,3,1,0,0
314.64999,29.280001,24,1,1,0
288.556,24.48,4,1,0,1
302.83401,27.02,1,1,0,1
247.82001,21.26,2,1,0,1
269.97101,22.76,4,1,0,0
292.92599,26,17,1,0,1
278.56201,21.73,34,1,1,1
272.66599,26.08,14,1,0,1
288.54599,26.809999,5,1,0,0
280.67801,27.120001,0,1,0,1
292.00201,25.549999,2,1,1,0
316.94501,29.389999,18,1,0,1
245.65199,21.17,14,1,0,1
303.17999,27.74,15,1,1,1
230.159,20.040001,2,1,0,0
263.73599,27.18,9,1,0,1
241.85001,22.940001,2,1,0,1
263.677,22.24,6,1,1,0
236.98599,23.709999,8,1,0,0
253.67101,22.59,12,1,0,1
294.203,25.92,5,1,0,0
251.827,22.690001,3,1,0,0
275.814,23.549999,8,1,0,1
264.47299,21.280001,12,1,0,0
321.99399,29.91,31,1,0,1
331.38699,29.790001,0,1,0,1
230.74001,21.1,7,1,0,1
271.396,27.280001,1,1,0,1
319.38101,28.18,9,1,0,0
272.11301,25.139999,13,1,0,1
231.299,22.299999,15,1,1,0
294.513,24.879999,19,1,0,1
232.502,20.440001,9,1,0,1
298.39301,28.969999,4,1,0,1
251.004,23.91,1,1,0,1
243.55901,20.059999,0,1,0,0
231.123,20.34,5,1,0,0
307.45801,29.690001,1,1,1,1
264.14301,25.110001,5,1,0,0
294.694,27.129999,3,1,0,0
272.72299,26.84,5,1,0,0
322.561,29.83,6,1,1,1
235.98801,21.84,2,1,0,1
275.23999,24.879999,1,1,0,1
261.39801,22.950001,9,1,0,0
274.97601,22.440001,11,1,1,1
297.37701,28.57,14,1,0,0
256.46399,21.559999,0,1,1,1
244.50101,20.43,13,1,0,0
300.01901,27.459999,1,1,0,1
272.272,25.77,33,1,0,0
327.375,27.280001,26,1,0,1
261.67499,24.24,15,1,1,1
270.89999,21.610001,34,1,0,1
234.11,22.209999,13,1,0,0
297.03699,26.23,3,1,1,1
311.30801,27.700001,19,1,1,1
292.18201,26.5,2,1,0,1
230.13,20.309999,4,1,0,0
292.797,25.99,5,1,1,0
274.673,28.43,10,1,0,0
322.30899,29.440001,7,1,0,0
325.84399,25.77,2,1,0,0
332.22198,29.639999,5,1,0,1
286.01099,27.219999,9,1,0,1
265.853,22.25,6,1,1,0
311.508,29.48,6,1,0,1
244.51801,24.139999,36,1,0,1
309.59799,28.33,4,1,0,0
304.18301,29.07,12,1,0,1
286.62,29.610001,12,1,0,0
313.86401,29.07,43,1,0,0
258.155,22.43,17,1,0,1
311.41101,29.18,3,1,0,1
276.01999,26.08,4,1,0,1
326.56201,28.610001,4,1,0,0
297.98401,26.57,1,1,0,1
332.13199,29.99,13,1,1,1
311.76599,28.549999,15,1,0,1
278.19501,24.309999,13,1,0,1
320.15399,28.780001,13,1,0,0
292,26.5,10,1,1,0
319.39099,29.58,2,1,0,0
260.72101,22.120001,5,1,0,0
288.056,29.709999,16,1,0,0
262.457,25.83,24,1,0,1
258.37799,24.85,4,1,0,0
287.84698,26.639999,14,1,0,0
220.10001,20.49,17,1,0,0
309.47101,27.25,2,1,1,1
291.56201,28.370001,0,1,0,1
291.61801,28.07,33,1,1,1
234.69901,23.33,2,1,0,1
296.09299,25.389999,5,1,0,1
280.81299,23.48,4,1,0,0
345.19699,29.85,13,1,0,1
245.52901,22.02,10,1,1,0
313.758,29.209999,6,1,0,0
237.907,20.059999,8,1,0,1
299.10599,25.889999,8,1,1,1
255.304,21.32,3,1,0,1
230.67599,22.32,11,1,0,0
239.66901,21.33,17,1,1,1
261.53299,22.780001,4,1,1,1
239.036,22.379999,8,1,0,0
267.88199,23.620001,13,1,0,0
215.748,21.129999,33,1,0,0
326.772,29.540001,10,1,1,1
291.35199,26.629999,5,1,0,0
335.25299,29.5,10,1,0,0
254.34801,23.65,13,1,0,0
231.853,21.52,0,1,0,1
261.505,23.280001,7,1,0,1
266.42401,23.879999,1,1,0,1
282.28101,28.440001,4,1,0,0
326.31201,28.139999,31,1,1,0
317.03101,25.040001,15,1,0,0
252.612,23.82,1,1,0,0
288.37601,27.370001,6,1,0,1
256.85699,20.809999,3,1,0,1
334.48901,29.93,1,1,0,0
296.707,26.57,6,1,1,0
260.73999,23.309999,25,1,0,0
237.086,21.950001,7,1,0,0
329.43799,29.73,19,1,1,0
291.32901,26.24,0,1,0,1
278.23199,27.549999,2,1,0,1
294.51999,26.389999,13,1,0,1
311.009,29.950001,0,1,0,0
302.61899,27.290001,1,1,0,1
328.44299,29.940001,30,1,0,1
289.32001,25.76,20,1,0,1
259.05301,23.120001,12,1,0,0
277.14899,27.309999,3,1,0,0
273.64301,28.370001,1,1,0,1
277.49701,23.469999,0,1,1,0
246.98199,24.93,22,1,0,0
293.552,29.91,9,1,0,0
283.246,26.26,5,1,0,0
314.76001,29.719999,7,1,0,1
219.882,20.209999,32,1,0,1
328.53601,29.469999,1,1,0,0
266.63199,24.24,14,1,0,0
333.81,29.49,9,1,0,1
303.59698,29.09,11,1,0,0
267.98599,26.18,2,1,0,0
293.94601,28.309999,3,1,0,0
289.18301,23.75,3,1,0,0
304.31601,28.370001,16,1,0,1
291.595,29.299999,25,1,1,0
255.993,22.950001,0,1,0,0
278.362,24.74,2,1,0,0
273.58701,24.610001,10,1,0,1
294.70099,26.58,8,1,0,1
226.548,20.389999,0,1,0,1
256.448,23.959999,25,1,0,0
301.85101,29.110001,18,1,0,1
298.931,25.92,6,1,0,1
282.19501,28.059999,11,1,0,0
208.543,20.389999,7,1,0,1
246.009,22.75,8,1,1,0
303.633,29.889999,5,1,1,0
317.28299,28.059999,2,1,1,0
236.44,22.860001,50,1,0,1
244.64799,22.559999,2,1,1,0
310.47,28.49,8,1,0,0
265.992,23.35,2,1,0,0
261.83801,21.9,4,1,0,1
325.66101,27.889999,9,1,1,1
263.909,22.209999,14,1,0,1
290.939,26.450001,34,1,1,0
234.70399,20.35,14,1,0,1
332.65701,29.52,7,1,0,0
250.022,23.82,3,1,0,1
282.70999,27.559999,22,1,0,1
268.61801,23.530001,5,1,0,1
269.46799,22.98,5,1,0,1
304.345,28.370001,10,1,0,1
207.207,20.200001,20,1,0,0
288.65201,29.450001,6,1,0,0
310.53799,29.030001,5,1,1,1
266.88,25.870001,7,1,1,0
272.46301,26.549999,17,1,0,1
262.302,25.5,3,1,0,0
291.94199,28.799999,12,1,0,1
273.108,26.700001,23,1,0,1
339.68799,29.870001,8,1,0,1
251.353,22.790001,7,1,0,1
255.98599,21.620001,13,1,1,0
319.67999,27.450001,4,1,0,1
230.834,20.709999,42,1,1,1
316.505,29.59,11,1,0,1
222.851,22.139999,7,1,0,1
262.64899,24.299999,3,1,1,0
252.67799,21.99,20,1,0,0
288.53601,24.41,6,1,0,1
299.28601,26.76,9,1,0,0
253.336,23.440001,5,1,1,1
249.099,25.24,7,1,0,1
291.379,27.059999,1,1,0,1
235.334,20.26,1,1,0,0
295.22198,28.360001,12,1,0,0
285.94299,25.299999,1,1,0,0
269.181,25.17,0,1,0,0
266.61499,23.67,49,1,0,1
277.48599,24.190001,4,1,0,1
286.57101,25.790001,5,1,0,0
267.685,24.889999,26,1,0,1
271.46399,24.5,5,1,1,0
250.093,23.030001,2,1,0,1
279.04901,23.280001,7,1,0,1
241.642,22.25,1,1,0,1
288.85001,28.719999,2,1,0,1
267.37701,25.67,34,1,1,0
318.16199,29.290001,1,1,0,1
285.03601,24.93,1,1,0,0
296.336,29.469999,5,1,0,0
279.29199,27.57,15,1,0,1
306.76199,26.91,21,1,0,1
295.517,26.57,12,1,0,0
239.256,23.01,45,1,0,1
292.24301,26.299999,22,1,1,1
291.009,27.98,3,1,0,1
329.202,27.969999,20,1,0,1
296.203,27.139999,2,1,1,0
199.319,21.379999,1,1,0,1
244.535,22.110001,3,1,0,0
276.67999,23.09,8,1,0,1
220.502,21.5,3,1,0,1
307.056,26.969999,4,1,0,1
238.52299,20.43,9,1,0,0
275.19101,25.43,10,1,0,1
234.326,20.26,10,1,1,0
259.22101,21.129999,3,1,0,1
257.052,21.860001,5,1,0,0
201.653,21.040001,2,1,0,1
238.14101,21.059999,6,1,0,1
291.237,28.32,8,1,0,0
249.567,22.549999,10,1,0,0
252.67999,22.290001,18,1,0,1
266.76599,24.549999,5,1,0,1
255.68401,24.43,1,1,1,0
283.802,22.93,0,1,0,1
335.285,28.48,0,1,0,0
306.11301,28.969999,2,1,1,1
275.73401,23.9,18,1,0,1
267.14801,23.139999,17,1,0,1
282.63,25.27,18,1,0,0
334.65701,29.780001,5,1,0,1
252.29401,23,7,1,0,1
292.07599,28.48,5,1,0,0
319.505,28.23,21,1,0,1
314.616,25.290001,1,1,0,1
249.063,24.620001,8,1,0,0
294.92499,24.25,4,1,0,0
291.30899,23.5,3,1,0,0
297.88101,28.85,6,1,0,0
281.746,24.379999,5,1,0,1
293.103,27.16,1,1,0,1
260.73999,22.1,19,1,1,0
310.927,28.41,3,1,1,0
315.383,25.07,10,1,0,1
281.30801,22.66,6,1,0,1
289.668,29.34,3,1,0,1
236.474,22.33,0,1,0,0
212.175,20.719999,33,1,0,1
234.687,20.68,8,1,1,1
337.33801,29.809999,15,1,1,1
243.151,21.059999,8,1,0,0
244.599,22.82,12,1,1,0
253.505,24.26,2,1,0,0
268.94101,24.09,7,1,1,0
249.715,27.67,10,1,0,1
248.466,22.16,2,1,1,0
251.715,23.889999,4,1,0,0
318.51199,28.969999,5,1,0,0
276.05801,27.049999,30,1,0,0
280.62,24.09,1,1,0,0
253.541,22.389999,0,1,0,0
265.32199,21.030001,4,1,0,1
285.06299,25.379999,21,1,1,1
299.452,29.02,12,1,0,0
276.008,26.1,8,1,0,1
284.448,25.99,2,1,1,0
290.40701,27.92,2,1,0,0
268.74701,23.26,1,1,1,0
261.45001,21.620001,6,1,0,0
217.03101,20.639999,7,1,1,1
257.00699,21.57,11,1,1,1
262.92401,26.969999,2,1,0,1
237.34,23.16,4,1,0,1
237.933,20.559999,0,1,0,1
265.116,24.450001,1,1,0,0
310.849,28.27,19,1,0,1
242.675,23.209999,4,1,0,0
297.23099,26,5,1,0,0
325.827,29.74,6,1,0,1
324.48199,26.68,10,1,0,1
286.474,25.299999,6,1,0,0
271.43399,26.299999,16,1,0,1
305.64001,28.469999,0,1,0,0
227.714,21.309999,14,1,0,1
241.306,20.469999,0,1,1,1
309.56699,26.309999,0,1,0,0
321.00299,29.58,7,1,0,1
309.854,28.450001,7,1,0,0
257.87201,25.110001,0,1,0,1
289.689,25.959999,3,1,0,0
271.311,27.860001,1,1,0,0
284.07401,25.65,35,1,1,1
314.47601,27.92,0,1,0,1
313.56201,29.91,25,1,0,0
310.70099,28.549999,15,1,0,0
233.88901,24.190001,39,1,1,1
315.897,29.17,0,1,0,0
257.927,24.58,12,1,0,1
334.29401,28.4,5,1,1,0
256.71899,24.809999,1,1,0,0
291.24799,27.49,10,1,1,0
285.18301,26.32,23,1,0,1
273.66101,24.33,8,1,1,1
254.754,23.440001,3,1,1,1
317.37299,29.299999,9,1,0,1
315.034,28.42,2,1,0,1
315.64499,28.23,13,1,0,1
257.47,24.200001,6,1,0,0
304.922,23.41,10,1,0,1
240.99001,24.139999,16,1,0,0
267.009,23.58,2,1,0,0
305.64899,29.57,0,1,1,0
322.16299,29.08,5,1,1,1
255.474,22.030001,5,1,1,1
298.95001,29.18,0,1,0,1
281.685,26.889999,16,1,0,1
305.56799,29.83,7,1,1,1
255.75999,23.049999,4,1,0,0
269.75201,22.969999,11,1,0,0
280.052,27.360001,7,1,0,1
287.45001,28.73,18,1,0,1
251.713,21.91,8,1,0,1
287.427,26.889999,9,1,1,1
278.21301,24.66,12,1,1,0
303.94101,27.15,1,1,0,1
249.85201,23.33,1,1,0,0
271.043,24.059999,20,1,0,1
321.93799,29.370001,18,1,0,1
243.976,20.52,12,1,0,0
291.47101,29.190001,29,1,0,1
230.25,20.23,40,1,0,1
254.817,22.6,4,1,1,0
270.91299,25.76,6,1,1,1
286.52499,27.75,9,1,1,1
325.96399,28.620001,7,1,0,1
238.32899,21.309999,28,1,0,0
218.41901,20.959999,5,1,0,0
307.20401,29.9,0,1,0,0
298.685,25.370001,21,1,0,0
259.659,26.99,8,1,0,0
259.66101,23.98,0,1,0,1
283.69501,23.639999,10,1,1,0
276.198,25.799999,0,1,0,1
276.565,24.030001,4,1,0,0
270.078,24.23,18,1,0,0
273.737,23.09,11,1,1,0
274.40399,25.68,21,1,0,0
312.03299,28.82,4,1,1,1
243.123,23.200001,5,1,0,0
218.923,20.52,9,1,0,0
254.61301,21.6,4,1,0,1
325.94101,29.5,12,1,1,1
260.66,25.41,5,1,0,1
271.435,25.719999,9,1,0,0
264.655,24.33,14,1,0,0
254.205,22.41,35,1,1,0
231.88699,20.98,4,1,0,1
230.332,20.049999,3,1,1,0
254.989,26.610001,7,1,0,0
242.386,20.940001,28,1,0,0
246.60001,21.790001,10,1,0,0
290.92001,27.110001,18,1,0,1
217.746,22.57,3,1,0,0
258.242,26.389999,13,1,0,0
285.52499,27.049999,19,1,0,1
295.336,27.41,1,1,0,0
248.924,23.469999,13,1,1,0
250.205,20.84,2,1,0,1
303.88,29.16,7,1,0,1
279.20099,21.73,3,1,0,1
255.892,21.27,2,1,0,1
280.20401,24.610001,8,1,1,1
273.996,24.23,13,1,0,0
222.599,20.74,20,1,0,1
237.29201,22.83,14,1,0,0
285.5,27.280001,1,1,0,1
302.84799,26.6,16,1,1,0
295.995,28.77,0,1,0,0
309.565,29.120001,4,1,0,1
230.576,20.790001,3,1,0,0
268.78101,26.190001,10,1,0,1
310.987,28.98,7,1,0,0
281.08801,29.549999,1,1,0,0
280.991,25.799999,3,1,1,1
252.642,21.120001,2,1,1,0
245.108,21.25,3,1,1,1
269.78299,25.18,14,1,0,0
272.07199,26.27,10,1,0,1
226.653,23.59,6,1,0,1
254.92599,23.49,7,1,0,0
340.70801,27.85,12,1,1,0
291.57101,26.459999,19,1,1,0
260.97,22.93,0,1,0,0
305.09799,26.73,12,1,0,0
272.98499,23.459999,2,1,1,1
287.422,28.549999,2,1,0,1
281.90399,26.870001,1,1,0,0
235.313,22.27,10,1,0,1
267.043,23.23,12,1,0,1
294.617,26.66,7,1,0,1
218.981,20.41,29,1,0,0
288.41101,25.290001,19,1,0,1
270.633,23.5,9,1,0,1
251.02499,20.67,6,1,0,0
304.724,28.030001,12,1,0,1
306.87799,28.049999,0,1,0,1
221.80901,20.68,4,1,0,0
261.54901,20.92,13,1,1,0
262.60599,24.530001,9,1,0,0
268.59,23.110001,22,1,0,0
266.48599,23.299999,2,1,0,1
281.931,24.65,5,1,1,1
283.45099,26.030001,11,1,0,0
259.89801,22.1,48,1,0,1
247.883,20.35,10,1,0,1
310.41,29.27,2,1,1,0
239.653,20.17,23,1,0,0
253.67101,22.83,3,1,0,0
325.99799,29.700001,10,1,0,1
240.229,20.700001,19,1,0,1
287.42801,28.98,2,1,0,0
266.97,25.99,10,1,0,1
245.85899,21.290001,0,1,1,0
286.211,26.77,1,1,1,1
242.528,21.24,3,1,0,1
319.01001,28.620001,28,1,0,0
207.114,20.16,3,1,0,1
203.17599,20.76,7,1,0,0
293.677,26.799999,2,1,1,1
316.03201,28.74,3,1,0,1
311.06,28.299999,0,1,0,1
244.157,20.48,1,1,0,0
261.35501,28.040001,16,1,1,0
248.36,23.040001,2,1,1,1
326.17999,29.139999,0,1,0,1
271.95499,24.780001,3,1,0,1
293.62399,24.77,0,1,1,0
262.69,20.639999,3,1,0,0
244.63699,21.959999,1,1,0,1
237.85899,20.17,1,1,0,1
258.93201,25.73,3,1,0,0
284.57999,29.040001,15,1,0,1
272.33301,23.5,14,1,0,1
315.90799,27.66,10,1,0,1
325.935,28.35,4,1,1,1
287.12299,26.389999,7,1,0,0
259.953,24.15,3,1,0,0
277.035,24.82,9,1,0,0
323.48199,29.719999,4,1,0,1
325.319,29.719999,42,1,0,0
323.827,28.84,5,1,0,0
246.20599,22.58,1,1,1,0
337.44101,29.129999,0,1,0,0
304.35901,28.620001,3,1,0,1
238.55099,22.969999,2,1,0,0
309.24301,28.92,10,1,1,1
224.90401,20.51,31,1,0,1
232.099,20.74,21,1,0,1
250.714,22.98,0,1,0,1
298.633,27.08,3,1,0,1
290.14499,28.549999,26,1,0,1
283.935,24,3,1,0,1
245.00301,21.139999,1,1,0,1
273.30301,26.049999,6,1,0,0
341.259,29.950001,0,1,0,1
285.17099,27.540001,0,1,0,0
322.90201,29.26,3,1,0,1
340.71899,28.809999,0,1,0,0
309.034,28.549999,0,1,1,0
273.30701,24.18,29,1,0,0
274.30801,27.440001,3,1,0,0
276.319,26.32,20,1,0,0
287.33899,23.67,28,1,1,0
255.325,21.299999,0,1,1,1
301.03699,29.870001,6,1,0,1
264.12201,24.84,4,1,0,1
253.392,20.530001,1,1,0,0
257.19501,22.84,4,1,0,0
338.29501,30,11,1,0,1
263.526,23.99,6,1,0,0
300.728,28.74,9,1,0,0
220.987,20.93,2,1,0,1
